t,label,confidence,reason,source
0.0,UNKNOWN,0.0,target_not_selected,rules
0.2,UNKNOWN,0.0,target_not_selected,rules
0.4,UNKNOWN,0.0,target_not_selected,rules
0.6,UNKNOWN,0.0,target_not_selected,rules
0.8,LYING_IN_BED,0.964,lying_on_bed,rules
1.0,LYING_IN_BED,0.966,lying_on_bed,rules
1.2,LYING_IN_BED,0.918,lying_on_bed,rules
1.4,UNKNOWN,0.0,low_confidence,rules
1.6,LYING_IN_BED,0.796,lying_on_bed,rules
1.8,LYING_IN_BED,0.926,lying_on_bed,rules
2.0,LYING_IN_BED,0.943,lying_on_bed,rules
2.2,LYING_IN_BED,0.915,lying_on_bed,rules
2.4,LYING_IN_BED,0.929,lying_on_bed,rules
2.6,LYING_IN_BED,0.953,lying_on_bed,rules
2.8,LYING_IN_BED,0.94,lying_on_bed,rules
3.0,LYING_IN_BED,0.947,lying_on_bed,rules
3.2,LYING_IN_BED,0.97,lying_on_bed,rules
3.4,LYING_IN_BED,0.973,lying_on_bed,rules
3.6,LYING_IN_BED,0.964,lying_on_bed,rules
3.8,LYING_IN_BED,0.839,lying_on_bed,rules
4.0,LYING_IN_BED,0.959,lying_on_bed,rules
4.2,LYING_IN_BED,0.977,lying_on_bed,rules
4.4,LYING_IN_BED,0.982,lying_on_bed,rules
4.6,LYING_IN_BED,0.983,lying_on_bed,rules
4.8,LYING_IN_BED,0.987,lying_on_bed,rules
5.0,LYING_IN_BED,0.991,lying_on_bed,rules
5.2,LYING_IN_BED,0.985,lying_on_bed,rules
5.4,LYING_IN_BED,0.987,lying_on_bed,rules
5.6,SITTING_ON_BED,0.983,upright_on_bed,rules
5.8,SITTING_ON_BED,0.971,upright_on_bed,rules
6.0,SITTING_ON_BED,0.949,upright_on_bed,rules
6.2,SITTING_ON_BED,0.952,upright_on_bed,rules
6.4,SITTING_ON_BED,0.955,upright_on_bed,rules
6.6,SITTING_ON_BED,0.972,upright_on_bed,rules
6.8,SITTING_ON_BED,0.876,upright_on_bed,rules
7.0,SITTING_ON_BED,0.867,upright_on_bed,rules
7.2,SITTING_ON_BED,0.765,upright_on_bed,rules
7.4,STANDING,0.646,legs_extended,rules
7.6,SITTING_ON_BED,0.799,upright_on_bed,rules
7.8,UNKNOWN,0.2,posture_unclear,rules
8.0,SITTING_ON_BED,0.817,upright_on_bed,rules
8.2,UNKNOWN,0.2,posture_unclear,rules
8.4,STANDING,0.742,legs_extended,rules
8.6,UNKNOWN,0.2,posture_unclear,rules
8.8,STANDING,0.772,legs_extended,rules
9.0,STANDING,0.732,legs_extended,rules
9.2,STANDING,0.699,legs_extended,rules
9.4,STANDING,0.61,legs_extended,rules
9.6,STANDING,0.719,legs_extended,rules
9.8,UNKNOWN,0.2,posture_unclear,rules
10.0,STANDING,0.774,legs_extended,rules
10.2,STANDING,0.786,legs_extended,rules
10.4,STANDING,0.651,legs_extended,rules
10.6,STANDING,0.741,legs_extended,rules
10.8,SITTING_ON_BED,0.754,upright_on_bed,rules
11.0,SITTING_ON_BED,0.809,upright_on_bed,rules
11.2,SITTING_ON_BED,0.94,upright_on_bed,rules
11.4,SITTING_ON_BED,0.927,upright_on_bed,rules
11.6,SITTING_ON_BED,0.904,upright_on_bed,rules
11.8,SITTING_ON_BED,0.92,upright_on_bed,rules
12.0,SITTING_ON_BED,0.936,upright_on_bed,rules
12.2,STANDING,0.879,legs_extended,rules
12.4,SITTING_ON_BED,0.909,upright_on_bed,rules
12.6,SITTING_ON_BED,0.926,upright_on_bed,rules
12.8,SITTING_ON_BED,0.967,upright_on_bed,rules
13.0,SITTING_ON_BED,0.934,upright_on_bed,rules
13.2,STANDING,0.89,legs_extended,rules
13.4,STANDING,0.885,legs_extended,rules
13.6,STANDING,0.864,legs_extended,rules
13.8,STANDING,0.818,legs_extended,rules
14.0,STANDING,0.618,legs_extended,rules
14.2,WALKING,0.574,legs_extended,rules
14.4,WALKING,0.578,legs_extended,rules
14.6,WALKING,0.609,legs_extended,rules
14.8,STANDING,0.652,legs_extended,rules
15.0,STANDING,0.513,legs_extended,rules
15.2,UNKNOWN,0.2,posture_unclear,rules
15.4,WALKING,0.3,box_motion,rules
15.6,WALKING,0.3,box_motion,rules
15.8,WALKING,0.3,box_motion,rules
16.0,UNKNOWN,0.0,low_confidence,rules
16.2,UNKNOWN,0.0,low_confidence,rules
16.4,UNKNOWN,0.0,low_confidence,rules
16.6,UNKNOWN,0.0,low_confidence,rules
16.8,UNKNOWN,0.0,low_confidence,rules
17.0,UNKNOWN,0.0,low_confidence,rules
17.2,UNKNOWN,0.0,low_confidence,rules
17.4,UNKNOWN,0.0,low_confidence,rules
17.6,UNKNOWN,0.0,low_confidence,rules
17.8,UNKNOWN,0.0,low_confidence,rules
18.0,UNKNOWN,0.0,low_confidence,rules
18.2,UNKNOWN,0.0,low_confidence,rules
18.4,UNKNOWN,0.0,low_confidence,rules
18.6,UNKNOWN,0.0,low_confidence,rules
18.8,UNKNOWN,0.0,low_confidence,rules
19.0,UNKNOWN,0.0,low_confidence,rules
19.2,UNKNOWN,0.0,low_confidence,rules
19.4,UNKNOWN,0.0,low_confidence,rules
19.6,UNKNOWN,0.0,low_confidence,rules
19.8,UNKNOWN,0.0,low_confidence,rules
20.0,UNKNOWN,0.0,low_confidence,rules
20.2,UNKNOWN,0.0,low_confidence,rules
20.4,UNKNOWN,0.0,low_confidence,rules
20.6,UNKNOWN,0.0,low_confidence,rules
20.8,UNKNOWN,0.0,low_confidence,rules
21.0,UNKNOWN,0.0,low_confidence,rules
21.2,UNKNOWN,0.0,low_confidence,rules
21.4,UNKNOWN,0.0,low_confidence,rules
21.6,UNKNOWN,0.0,low_confidence,rules
21.8,UNKNOWN,0.0,low_confidence,rules
22.0,UNKNOWN,0.0,low_confidence,rules
22.2,UNKNOWN,0.0,low_confidence,rules
22.4,UNKNOWN,0.0,low_confidence,rules
22.6,UNKNOWN,0.0,low_confidence,rules
22.8,UNKNOWN,0.0,low_confidence,rules
23.0,UNKNOWN,0.0,low_confidence,rules
23.2,UNKNOWN,0.0,low_confidence,rules
23.4,UNKNOWN,0.0,low_confidence,rules
23.6,UNKNOWN,0.0,low_confidence,rules
23.8,UNKNOWN,0.0,low_confidence,rules
24.0,UNKNOWN,0.0,low_confidence,rules
24.2,UNKNOWN,0.0,low_confidence,rules
24.4,UNKNOWN,0.0,low_keypoints,rules
24.6,UNKNOWN,0.0,low_keypoints,rules
24.8,WALKING,0.276,legs_extended,rules
25.0,WALKING,0.59,legs_extended,rules
25.2,WALKING,0.609,legs_extended,rules
25.4,WALKING,0.608,legs_extended,rules
25.6,WALKING,0.592,legs_extended,rules
25.8,WALKING,0.571,legs_extended,rules
26.0,STANDING,0.567,legs_extended,rules
26.2,STANDING,0.795,legs_extended,rules
26.4,STANDING,0.811,legs_extended,rules
26.6,WALKING,0.818,legs_extended,rules
26.8,WALKING,0.886,legs_extended,rules
27.0,SITTING_ON_BED,0.887,upright_on_bed,rules
27.2,SITTING_ON_BED,0.957,upright_on_bed,rules
27.4,SITTING_ON_BED,0.933,upright_on_bed,rules
27.6,SITTING_ON_BED,0.876,upright_on_bed,rules
27.8,SITTING_ON_BED,0.856,upright_on_bed,rules
28.0,SITTING_ON_BED,0.935,upright_on_bed,rules
28.2,STANDING,0.893,legs_extended,rules
28.4,SITTING_ON_BED,0.911,upright_on_bed,rules
28.6,SITTING_ON_BED,0.919,upright_on_bed,rules
28.8,SITTING_ON_BED,0.88,upright_on_bed,rules
29.0,SITTING_ON_BED,0.913,upright_on_bed,rules
29.2,SITTING_ON_BED,0.788,upright_on_bed,rules
29.4,SITTING_ON_BED,0.831,upright_on_bed,rules
29.6,UNKNOWN,0.2,posture_unclear,rules
29.8,STANDING,0.781,legs_extended,rules
30.0,STANDING,0.737,legs_extended,rules
30.2,STANDING,0.76,legs_extended,rules
30.4,STANDING,0.744,legs_extended,rules
30.6,STANDING,0.683,legs_extended,rules
30.8,STANDING,0.668,legs_extended,rules
31.0,STANDING,0.711,legs_extended,rules
31.2,STANDING,0.775,legs_extended,rules
31.4,STANDING,0.746,legs_extended,rules
31.6,SITTING_ON_BED,0.737,upright_on_bed,rules
31.8,STANDING,0.694,legs_extended,rules
32.0,UNKNOWN,0.2,posture_unclear,rules
32.2,UNKNOWN,0.2,posture_unclear,rules
32.4,SITTING_ON_BED,0.763,upright_on_bed,rules
32.6,SITTING_ON_BED,0.784,upright_on_bed,rules
32.8,SITTING_ON_BED,0.724,upright_on_bed,rules
33.0,SITTING_ON_BED,0.809,upright_on_bed,rules
33.2,SITTING_ON_BED,0.736,upright_on_bed,rules
33.4,SITTING_ON_BED,0.955,upright_on_bed,rules
33.6,SITTING_ON_BED,0.936,upright_on_bed,rules
33.8,SITTING_ON_BED,0.985,upright_on_bed,rules
34.0,SITTING_ON_BED,0.987,upright_on_bed,rules
34.2,SITTING_ON_BED,0.962,upright_on_bed,rules
34.4,SITTING_ON_BED,0.977,upright_on_bed,rules
34.6,SITTING_ON_BED,0.985,upright_on_bed,rules
34.8,SITTING_ON_BED,0.975,upright_on_bed,rules
35.0,LYING_IN_BED,0.988,lying_on_bed,rules
35.2,LYING_IN_BED,0.987,lying_on_bed,rules
35.4,LYING_IN_BED,0.982,lying_on_bed,rules
35.6,LYING_IN_BED,0.982,lying_on_bed,rules
35.8,LYING_IN_BED,0.96,lying_on_bed,rules
36.0,LYING_IN_BED,0.964,lying_on_bed,rules
36.2,LYING_IN_BED,0.978,lying_on_bed,rules
36.4,LYING_IN_BED,0.955,lying_on_bed,rules
36.6,LYING_IN_BED,0.978,lying_on_bed,rules
36.8,LYING_IN_BED,0.977,lying_on_bed,rules
37.0,LYING_IN_BED,0.966,lying_on_bed,rules
37.2,LYING_IN_BED,0.954,lying_on_bed,rules
37.4,LYING_IN_BED,0.963,lying_on_bed,rules
37.6,LYING_IN_BED,0.952,lying_on_bed,rules
37.8,LYING_IN_BED,0.902,lying_on_bed,rules
38.0,LYING_IN_BED,0.949,lying_on_bed,rules
38.2,LYING_IN_BED,0.951,lying_on_bed,rules
38.4,LYING_IN_BED,0.849,lying_on_bed,rules
38.6,UNKNOWN,0.0,low_confidence,rules
38.8,LYING_IN_BED,0.932,lying_on_bed,rules
39.0,LYING_IN_BED,0.914,lying_on_bed,rules
39.2,LYING_IN_BED,0.9,lying_on_bed,rules
39.4,UNKNOWN,0.0,low_confidence,rules
39.6,UNKNOWN,0.0,low_confidence,rules
39.8,UNKNOWN,0.0,low_confidence,rules
40.0,UNKNOWN,0.0,not_detected,rules
40.2,LYING_IN_BED,0.923,lying_on_bed,rules
40.4,LYING_IN_BED,0.923,lying_on_bed,rules
40.6,LYING_IN_BED,0.921,lying_on_bed,rules
40.8,LYING_IN_BED,0.923,lying_on_bed,rules
41.0,LYING_IN_BED,0.921,lying_on_bed,rules
41.2,LYING_IN_BED,0.923,lying_on_bed,rules
41.4,LYING_IN_BED,0.921,lying_on_bed,rules
41.6,LYING_IN_BED,0.923,lying_on_bed,rules
41.8,LYING_IN_BED,0.921,lying_on_bed,rules
42.0,LYING_IN_BED,0.923,lying_on_bed,rules
42.2,LYING_IN_BED,0.921,lying_on_bed,rules
42.4,LYING_IN_BED,0.923,lying_on_bed,rules
42.6,LYING_IN_BED,0.921,lying_on_bed,rules
42.8,LYING_IN_BED,0.923,lying_on_bed,rules
43.0,LYING_IN_BED,0.921,lying_on_bed,rules
43.2,LYING_IN_BED,0.923,lying_on_bed,rules
43.4,LYING_IN_BED,0.921,lying_on_bed,rules
43.6,LYING_IN_BED,0.923,lying_on_bed,rules
43.8,LYING_IN_BED,0.921,lying_on_bed,rules
44.0,LYING_IN_BED,0.923,lying_on_bed,rules
