start,end,start_sec,end_sec,duration_sec,label,confidence
00:00,00:01,0.0,0.8,0.8,UNKNOWN,0.0
00:01,00:06,0.8,5.6,4.8,LYING_IN_BED,0.948
00:06,00:08,5.6,8.4,2.8,SITTING_ON_BED,0.901
00:08,00:11,8.4,10.8,2.4,STANDING,0.723
00:11,00:13,10.8,13.2,2.4,SITTING_ON_BED,0.902
00:13,00:15,13.2,15.4,2.2,STANDING,0.749
00:15,00:16,15.4,16.0,0.6,WALKING,0.3
00:16,00:25,16.0,24.8,8.8,UNKNOWN,0.0
00:25,00:27,24.8,27.0,2.2,WALKING,0.619
00:27,00:30,27.0,29.8,2.8,SITTING_ON_BED,0.89
00:30,00:32,29.8,32.4,2.6,STANDING,0.73
00:32,00:35,32.4,35.0,2.6,SITTING_ON_BED,0.891
00:35,00:44,35.0,44.13,9.13,LYING_IN_BED,0.937
