t,label,confidence,reason,source,evidence
0.0,UNKNOWN,0.0,target_not_selected,rules,UNKNOWN
0.2,UNKNOWN,0.0,target_not_selected,rules,UNKNOWN
0.4,UNKNOWN,0.0,target_not_selected,rules,UNKNOWN
0.6,UNKNOWN,0.0,target_not_selected,rules,UNKNOWN
0.8,LYING_IN_BED,0.964,lying_on_bed,rules,LYING_IN_BED
1.0,LYING_IN_BED,0.966,lying_on_bed,rules,LYING_IN_BED
1.2,LYING_IN_BED,0.918,lying_on_bed,rules,LYING_IN_BED
1.4,UNKNOWN,0.0,low_confidence,rules,UNKNOWN
1.6,LYING_IN_BED,0.796,lying_on_bed,rules,LYING_IN_BED
1.8,LYING_IN_BED,0.926,lying_on_bed,rules,LYING_IN_BED
2.0,LYING_IN_BED,0.943,lying_on_bed,rules,LYING_IN_BED
2.2,LYING_IN_BED,0.915,lying_on_bed,rules,LYING_IN_BED
2.4,LYING_IN_BED,0.929,lying_on_bed,rules,LYING_IN_BED
2.6,LYING_IN_BED,0.953,lying_on_bed,rules,LYING_IN_BED
2.8,LYING_IN_BED,0.94,lying_on_bed,rules,LYING_IN_BED
3.0,LYING_IN_BED,0.947,lying_on_bed,rules,LYING_IN_BED
3.2,LYING_IN_BED,0.97,lying_on_bed,rules,LYING_IN_BED
3.4,LYING_IN_BED,0.973,lying_on_bed,rules,LYING_IN_BED
3.6,LYING_IN_BED,0.964,lying_on_bed,rules,LYING_IN_BED
3.8,LYING_IN_BED,0.839,lying_on_bed,rules,LYING_IN_BED
4.0,LYING_IN_BED,0.959,lying_on_bed,rules,LYING_IN_BED
4.2,LYING_IN_BED,0.977,lying_on_bed,rules,LYING_IN_BED
4.4,LYING_IN_BED,0.982,lying_on_bed,rules,LYING_IN_BED
4.6,LYING_IN_BED,0.983,lying_on_bed,rules,LYING_IN_BED
4.8,LYING_IN_BED,0.987,lying_on_bed,rules,LYING_IN_BED
5.0,LYING_IN_BED,0.991,lying_on_bed,rules,LYING_IN_BED
5.2,LYING_IN_BED,0.985,lying_on_bed,rules,LYING_IN_BED
5.4,LYING_IN_BED,0.987,lying_on_bed,rules,LYING_IN_BED
5.6,SITTING_ON_BED,0.983,upright_on_bed,rules,SITTING_ON_BED
5.8,SITTING_ON_BED,0.971,upright_on_bed,rules,SITTING_ON_BED
6.0,SITTING_ON_BED,0.949,upright_on_bed,rules,SITTING_ON_BED
6.2,SITTING_ON_BED,0.952,upright_on_bed,rules,SITTING_ON_BED
6.4,SITTING_ON_BED,0.955,upright_on_bed,rules,SITTING_ON_BED
6.6,SITTING_ON_BED,0.972,upright_on_bed,rules,SITTING_ON_BED
6.8,SITTING_ON_BED,0.876,upright_on_bed,rules,SITTING_ON_BED
7.0,SITTING_ON_BED,0.867,upright_on_bed,rules,SITTING_ON_BED
7.2,SITTING_ON_BED,0.765,upright_on_bed,rules,SITTING_ON_BED
7.4,STANDING,0.646,legs_extended,rules,STANDING
7.6,SITTING_ON_BED,0.799,upright_on_bed,rules,SITTING_ON_BED
7.8,UNKNOWN,0.2,posture_unclear,rules,UNKNOWN
8.0,SITTING_ON_BED,0.817,upright_on_bed,rules,SITTING_ON_BED
8.2,UNKNOWN,0.2,posture_unclear,rules,UNKNOWN
8.4,SITTING_ON_BED,0.45,VLM: seated on the bed edge; the legs only look straight,agent,SITTING_ON_BED
8.6,SITTING_ON_BED,0.45,VLM: seated on the bed edge; the legs only look straight,agent,UNKNOWN
8.8,SITTING_ON_BED,0.45,VLM: seated on the bed edge; the legs only look straight,agent,SITTING_ON_BED
9.0,SITTING_ON_BED,0.45,VLM: seated on the bed edge; the legs only look straight,agent,SITTING_ON_BED
9.2,SITTING_ON_BED,0.45,VLM: seated on the bed edge; the legs only look straight,agent,SITTING_ON_BED
9.4,SITTING_ON_BED,0.45,VLM: seated on the bed edge; the legs only look straight,agent,SITTING_ON_BED
9.6,SITTING_ON_BED,0.45,VLM: seated on the bed edge; the legs only look straight,agent,SITTING_ON_BED
9.8,SITTING_ON_BED,0.45,VLM: seated on the bed edge; the legs only look straight,agent,UNKNOWN
10.0,SITTING_ON_BED,0.45,VLM: seated on the bed edge; the legs only look straight,agent,SITTING_ON_BED
10.2,SITTING_ON_BED,0.45,VLM: seated on the bed edge; the legs only look straight,agent,SITTING_ON_BED
10.4,SITTING_ON_BED,0.45,VLM: seated on the bed edge; the legs only look straight,agent,SITTING_ON_BED
10.6,SITTING_ON_BED,0.45,VLM: seated on the bed edge; the legs only look straight,agent,SITTING_ON_BED
10.8,SITTING_ON_BED,0.754,upright_on_bed,rules,SITTING_ON_BED
11.0,SITTING_ON_BED,0.809,upright_on_bed,rules,SITTING_ON_BED
11.2,SITTING_ON_BED,0.94,upright_on_bed,rules,SITTING_ON_BED
11.4,SITTING_ON_BED,0.927,upright_on_bed,rules,SITTING_ON_BED
11.6,SITTING_ON_BED,0.904,upright_on_bed,rules,SITTING_ON_BED
11.8,SITTING_ON_BED,0.92,upright_on_bed,rules,SITTING_ON_BED
12.0,SITTING_ON_BED,0.936,upright_on_bed,rules,SITTING_ON_BED
12.2,STANDING,0.879,legs_extended,rules,STANDING
12.4,SITTING_ON_BED,0.909,upright_on_bed,rules,SITTING_ON_BED
12.6,SITTING_ON_BED,0.926,upright_on_bed,rules,SITTING_ON_BED
12.8,SITTING_ON_BED,0.967,upright_on_bed,rules,SITTING_ON_BED
13.0,SITTING_ON_BED,0.934,upright_on_bed,rules,SITTING_ON_BED
13.2,STANDING,0.89,legs_extended,rules,STANDING
13.4,STANDING,0.885,legs_extended,rules,STANDING
13.6,STANDING,0.864,legs_extended,rules,STANDING
13.8,STANDING,0.818,legs_extended,rules,STANDING
14.0,STANDING,0.618,legs_extended,rules,STANDING
14.2,WALKING,0.574,legs_extended,rules,WALKING
14.4,WALKING,0.578,legs_extended,rules,WALKING
14.6,WALKING,0.609,legs_extended,rules,WALKING
14.8,STANDING,0.652,legs_extended,rules,STANDING
15.0,STANDING,0.513,legs_extended,rules,STANDING
15.2,UNKNOWN,0.2,posture_unclear,rules,UNKNOWN
15.4,WALKING,0.3,box_motion,rules,WALKING
15.6,WALKING,0.3,box_motion,rules,WALKING
15.8,WALKING,0.3,box_motion,rules,WALKING
16.0,UNKNOWN,0.0,low_confidence,rules,UNKNOWN
16.2,UNKNOWN,0.0,low_confidence,rules,UNKNOWN
16.4,UNKNOWN,0.0,low_confidence,rules,UNKNOWN
16.6,UNKNOWN,0.0,low_confidence,rules,UNKNOWN
16.8,UNKNOWN,0.0,low_confidence,rules,UNKNOWN
17.0,UNKNOWN,0.0,low_confidence,rules,UNKNOWN
17.2,UNKNOWN,0.0,low_confidence,rules,UNKNOWN
17.4,UNKNOWN,0.0,low_confidence,rules,UNKNOWN
17.6,UNKNOWN,0.0,low_confidence,rules,UNKNOWN
17.8,UNKNOWN,0.0,low_confidence,rules,UNKNOWN
18.0,UNKNOWN,0.0,low_confidence,rules,UNKNOWN
18.2,UNKNOWN,0.0,low_confidence,rules,UNKNOWN
18.4,UNKNOWN,0.0,low_confidence,rules,UNKNOWN
18.6,UNKNOWN,0.0,low_confidence,rules,UNKNOWN
18.8,UNKNOWN,0.0,low_confidence,rules,UNKNOWN
19.0,UNKNOWN,0.0,low_confidence,rules,UNKNOWN
19.2,UNKNOWN,0.0,low_confidence,rules,UNKNOWN
19.4,UNKNOWN,0.0,low_confidence,rules,UNKNOWN
19.6,UNKNOWN,0.0,low_confidence,rules,UNKNOWN
19.8,UNKNOWN,0.0,low_confidence,rules,UNKNOWN
20.0,UNKNOWN,0.0,low_confidence,rules,UNKNOWN
20.2,UNKNOWN,0.0,low_confidence,rules,UNKNOWN
20.4,UNKNOWN,0.0,low_confidence,rules,UNKNOWN
20.6,UNKNOWN,0.0,low_confidence,rules,UNKNOWN
20.8,UNKNOWN,0.0,low_confidence,rules,UNKNOWN
21.0,UNKNOWN,0.0,low_confidence,rules,UNKNOWN
21.2,UNKNOWN,0.0,low_confidence,rules,UNKNOWN
21.4,UNKNOWN,0.0,low_confidence,rules,UNKNOWN
21.6,UNKNOWN,0.0,low_confidence,rules,UNKNOWN
21.8,UNKNOWN,0.0,low_confidence,rules,UNKNOWN
22.0,UNKNOWN,0.0,low_confidence,rules,UNKNOWN
22.2,UNKNOWN,0.0,low_confidence,rules,UNKNOWN
22.4,UNKNOWN,0.0,low_confidence,rules,UNKNOWN
22.6,UNKNOWN,0.0,low_confidence,rules,UNKNOWN
22.8,UNKNOWN,0.0,low_confidence,rules,UNKNOWN
23.0,UNKNOWN,0.0,low_confidence,rules,UNKNOWN
23.2,UNKNOWN,0.0,low_confidence,rules,UNKNOWN
23.4,UNKNOWN,0.0,low_confidence,rules,UNKNOWN
23.6,UNKNOWN,0.0,low_confidence,rules,UNKNOWN
23.8,UNKNOWN,0.0,low_confidence,rules,UNKNOWN
24.0,UNKNOWN,0.0,low_confidence,rules,UNKNOWN
24.2,UNKNOWN,0.0,low_confidence,rules,UNKNOWN
24.4,UNKNOWN,0.0,low_keypoints,rules,UNKNOWN
24.6,UNKNOWN,0.0,low_keypoints,rules,UNKNOWN
24.8,WALKING,0.276,legs_extended,rules,WALKING
25.0,WALKING,0.59,legs_extended,rules,WALKING
25.2,WALKING,0.609,legs_extended,rules,WALKING
25.4,WALKING,0.608,legs_extended,rules,WALKING
25.6,WALKING,0.592,legs_extended,rules,WALKING
25.8,WALKING,0.571,legs_extended,rules,WALKING
26.0,STANDING,0.567,legs_extended,rules,STANDING
26.2,STANDING,0.795,legs_extended,rules,STANDING
26.4,STANDING,0.811,legs_extended,rules,STANDING
26.6,WALKING,0.818,legs_extended,rules,WALKING
26.8,WALKING,0.886,legs_extended,rules,WALKING
27.0,SITTING_ON_BED,0.887,upright_on_bed,rules,SITTING_ON_BED
27.2,SITTING_ON_BED,0.957,upright_on_bed,rules,SITTING_ON_BED
27.4,SITTING_ON_BED,0.933,upright_on_bed,rules,SITTING_ON_BED
27.6,SITTING_ON_BED,0.876,upright_on_bed,rules,SITTING_ON_BED
27.8,SITTING_ON_BED,0.856,upright_on_bed,rules,SITTING_ON_BED
28.0,SITTING_ON_BED,0.935,upright_on_bed,rules,SITTING_ON_BED
28.2,STANDING,0.893,legs_extended,rules,STANDING
28.4,SITTING_ON_BED,0.911,upright_on_bed,rules,SITTING_ON_BED
28.6,SITTING_ON_BED,0.919,upright_on_bed,rules,SITTING_ON_BED
28.8,SITTING_ON_BED,0.88,upright_on_bed,rules,SITTING_ON_BED
29.0,SITTING_ON_BED,0.913,upright_on_bed,rules,SITTING_ON_BED
29.2,SITTING_ON_BED,0.788,upright_on_bed,rules,SITTING_ON_BED
29.4,SITTING_ON_BED,0.831,upright_on_bed,rules,SITTING_ON_BED
29.6,UNKNOWN,0.2,posture_unclear,rules,UNKNOWN
29.8,SITTING_ON_BED,0.45,VLM: seated on the bed edge; the legs only look straight,agent,SITTING_ON_BED
30.0,SITTING_ON_BED,0.45,VLM: seated on the bed edge; the legs only look straight,agent,SITTING_ON_BED
30.2,SITTING_ON_BED,0.45,VLM: seated on the bed edge; the legs only look straight,agent,SITTING_ON_BED
30.4,SITTING_ON_BED,0.45,VLM: seated on the bed edge; the legs only look straight,agent,SITTING_ON_BED
30.6,SITTING_ON_BED,0.45,VLM: seated on the bed edge; the legs only look straight,agent,SITTING_ON_BED
30.8,SITTING_ON_BED,0.45,VLM: seated on the bed edge; the legs only look straight,agent,SITTING_ON_BED
31.0,SITTING_ON_BED,0.45,VLM: seated on the bed edge; the legs only look straight,agent,SITTING_ON_BED
31.2,SITTING_ON_BED,0.45,VLM: seated on the bed edge; the legs only look straight,agent,SITTING_ON_BED
31.4,SITTING_ON_BED,0.45,VLM: seated on the bed edge; the legs only look straight,agent,SITTING_ON_BED
31.6,SITTING_ON_BED,0.737,upright_on_bed,rules,SITTING_ON_BED
31.8,SITTING_ON_BED,0.45,VLM: seated on the bed edge; the legs only look straight,agent,SITTING_ON_BED
32.0,UNKNOWN,0.2,posture_unclear,rules,UNKNOWN
32.2,UNKNOWN,0.2,posture_unclear,rules,UNKNOWN
32.4,SITTING_ON_BED,0.763,upright_on_bed,rules,SITTING_ON_BED
32.6,SITTING_ON_BED,0.784,upright_on_bed,rules,SITTING_ON_BED
32.8,SITTING_ON_BED,0.724,upright_on_bed,rules,SITTING_ON_BED
33.0,SITTING_ON_BED,0.809,upright_on_bed,rules,SITTING_ON_BED
33.2,SITTING_ON_BED,0.736,upright_on_bed,rules,SITTING_ON_BED
33.4,SITTING_ON_BED,0.955,upright_on_bed,rules,SITTING_ON_BED
33.6,SITTING_ON_BED,0.936,upright_on_bed,rules,SITTING_ON_BED
33.8,SITTING_ON_BED,0.985,upright_on_bed,rules,SITTING_ON_BED
34.0,SITTING_ON_BED,0.987,upright_on_bed,rules,SITTING_ON_BED
34.2,SITTING_ON_BED,0.962,upright_on_bed,rules,SITTING_ON_BED
34.4,SITTING_ON_BED,0.977,upright_on_bed,rules,SITTING_ON_BED
34.6,SITTING_ON_BED,0.985,upright_on_bed,rules,SITTING_ON_BED
34.8,SITTING_ON_BED,0.975,upright_on_bed,rules,SITTING_ON_BED
35.0,LYING_IN_BED,0.988,lying_on_bed,rules,LYING_IN_BED
35.2,LYING_IN_BED,0.987,lying_on_bed,rules,LYING_IN_BED
35.4,LYING_IN_BED,0.982,lying_on_bed,rules,LYING_IN_BED
35.6,LYING_IN_BED,0.982,lying_on_bed,rules,LYING_IN_BED
35.8,LYING_IN_BED,0.96,lying_on_bed,rules,LYING_IN_BED
36.0,LYING_IN_BED,0.964,lying_on_bed,rules,LYING_IN_BED
36.2,LYING_IN_BED,0.978,lying_on_bed,rules,LYING_IN_BED
36.4,LYING_IN_BED,0.955,lying_on_bed,rules,LYING_IN_BED
36.6,LYING_IN_BED,0.978,lying_on_bed,rules,LYING_IN_BED
36.8,LYING_IN_BED,0.977,lying_on_bed,rules,LYING_IN_BED
37.0,LYING_IN_BED,0.966,lying_on_bed,rules,LYING_IN_BED
37.2,LYING_IN_BED,0.954,lying_on_bed,rules,LYING_IN_BED
37.4,LYING_IN_BED,0.963,lying_on_bed,rules,LYING_IN_BED
37.6,LYING_IN_BED,0.952,lying_on_bed,rules,LYING_IN_BED
37.8,LYING_IN_BED,0.902,lying_on_bed,rules,LYING_IN_BED
38.0,LYING_IN_BED,0.949,lying_on_bed,rules,LYING_IN_BED
38.2,LYING_IN_BED,0.951,lying_on_bed,rules,LYING_IN_BED
38.4,LYING_IN_BED,0.849,lying_on_bed,rules,LYING_IN_BED
38.6,UNKNOWN,0.0,low_confidence,rules,UNKNOWN
38.8,LYING_IN_BED,0.932,lying_on_bed,rules,LYING_IN_BED
39.0,LYING_IN_BED,0.914,lying_on_bed,rules,LYING_IN_BED
39.2,LYING_IN_BED,0.9,lying_on_bed,rules,LYING_IN_BED
39.4,UNKNOWN,0.0,low_confidence,rules,UNKNOWN
39.6,UNKNOWN,0.0,low_confidence,rules,UNKNOWN
39.8,UNKNOWN,0.0,low_confidence,rules,UNKNOWN
40.0,UNKNOWN,0.0,not_detected,rules,UNKNOWN
40.2,LYING_IN_BED,0.923,lying_on_bed,rules,LYING_IN_BED
40.4,LYING_IN_BED,0.923,lying_on_bed,rules,LYING_IN_BED
40.6,LYING_IN_BED,0.921,lying_on_bed,rules,LYING_IN_BED
40.8,LYING_IN_BED,0.923,lying_on_bed,rules,LYING_IN_BED
41.0,LYING_IN_BED,0.921,lying_on_bed,rules,LYING_IN_BED
41.2,LYING_IN_BED,0.923,lying_on_bed,rules,LYING_IN_BED
41.4,LYING_IN_BED,0.921,lying_on_bed,rules,LYING_IN_BED
41.6,LYING_IN_BED,0.923,lying_on_bed,rules,LYING_IN_BED
41.8,LYING_IN_BED,0.921,lying_on_bed,rules,LYING_IN_BED
42.0,LYING_IN_BED,0.923,lying_on_bed,rules,LYING_IN_BED
42.2,LYING_IN_BED,0.921,lying_on_bed,rules,LYING_IN_BED
42.4,LYING_IN_BED,0.923,lying_on_bed,rules,LYING_IN_BED
42.6,LYING_IN_BED,0.921,lying_on_bed,rules,LYING_IN_BED
42.8,LYING_IN_BED,0.923,lying_on_bed,rules,LYING_IN_BED
43.0,LYING_IN_BED,0.921,lying_on_bed,rules,LYING_IN_BED
43.2,LYING_IN_BED,0.923,lying_on_bed,rules,LYING_IN_BED
43.4,LYING_IN_BED,0.921,lying_on_bed,rules,LYING_IN_BED
43.6,LYING_IN_BED,0.923,lying_on_bed,rules,LYING_IN_BED
43.8,LYING_IN_BED,0.921,lying_on_bed,rules,LYING_IN_BED
44.0,LYING_IN_BED,0.923,lying_on_bed,rules,LYING_IN_BED
